2023-08-30,download,04c7 ec00 0b44 0b,uksca,ukscalc05a
2023-08-30,download,0408 4f00 9e04 01,uksca,ukscalc05b
2023-08-30,download,04ab bc00 9717 04,uksca,ukscalc06a
2023-08-30,download,04ca a900 e31c 0f,uksca,ukscalh04a
2023-08-30,download,0446 4c00 e010 10,uksca,ukscalh05a
2023-08-30,download,045d 8a00 164a 07,uksca,ukscalh05b
2023-08-30,download,04b0 5c00 d700 0a,uksca,ukscamc02a
2023-08-30,download,04e9 6b00 943c 0c,uksca,ukscamc04a
2023-08-30,download,0438 e400 920b 10,uksca,ukscamc05a
2023-08-30,download,042b 8e00 7f29 06,uksca,ukscamc06a
2023-08-30,download,0491 5600 412a 02,uksca,ukscamh03a
2023-08-30,download,0493 4f00 7d50 03,uksca,ukscamh05a
2023-08-30,download,0446 7800 1440 04,uksca,ukscamh06a
2023-08-30,download,0404 0b00 e15c 06,uksca,ukscamh07a
2023-08-30,download,042b e500 5622 0e,uksca,ukscasc01a
2023-08-30,download,04bb ce00 a217 03,uksca,ukscasc02a
2023-08-30,download,04be d400 0a05 0b,uksca,ukscash01a
2023-08-30,download,04c9 fc00 c24a 01,uksca,ukscash02a
2023-08-30,download,04a8 8f00 6e03 06,uksca,ukscatc01b
2023-08-30,download,049f 9600 f244 06,uksca,ukscatc02a
2023-08-30,download,040f e000 6a24 05,uksca,ukscath01a
2023-08-30,download,0475 db00 330f 08,uksca,ukscath02a
2023-08-30,download,045d 6600 6f33 08,ukscl,uksclc05a
2023-08-30,download,044d 9000 8158 02,ukscl,uksclc05b
2023-08-30,download,04e0 4800 f94f 0f,ukscl,uksclc06a
2023-08-30,download,047b 1800 951d 0f,ukscl,uksclc07a
2023-08-30,download,0486 1800 9a0e 09,ukscl,uksclh04a
2023-08-30,download,048b 4500 6208 02,ukscl,uksclh04b
2023-08-30,download,0496 b100 6532 0a,ukscl,uksclh04c
2023-08-30,download,0448 1e00 214f 03,ukscl,uksclh05a
2023-08-30,download,0495 7100 3710 08,ukscl,uksclh05b
2023-08-30,download,04bd 1e00 5226 0e,ukscm,ukscmc01b
2023-08-30,download,04b4 7c00 f908 0f,ukscm,ukscmc02a
2023-08-30,download,04c8 b600 9d1a 02,ukscm,ukscmc03a
2023-08-30,download,04fd 1700 8a6c 05,ukscm,ukscmc03c
2023-08-30,download,0444 0f00 e042 0c,ukscm,ukscmh01a
2023-08-30,download,04a9 2d00 cb13 03,ukscm,ukscmh02c
2023-08-30,download,040e bb00 2423 02,ukscm,ukscmh03a
2023-08-30,download,04d2 9100 db04 0f,ukscm,ukscmh05a
2023-08-30,download,04a1 ea00 481f 08,ukscs,ukscsc01a
2023-08-30,download,0408 2b00 5f07 10,ukscs,ukscsc02a
2023-08-30,download,0404 0600 eb44 05,ukscs,ukscsh01a
2023-08-30,download,0491 6d00 081c 02,ukscs,ukscsh02a
2023-08-30,download,04c9 7200 d509 0a,uksct,uksctc01b
2023-08-30,download,04b7 d700 1b43 05,uksct,uksctc02a
2023-08-30,download,0493 1600 8c39 01,uksct,uksctc02b
2023-08-30,download,0485 d500 2452 08,uksct,uksctc03a
2023-08-30,download,04b1 ba00 8d39 09,uksct,uksctc03b
2023-08-30,download,0471 b900 ed09 01,uksct,ukscth01a
2023-08-30,download,0443 8900 d257 04,uksct,ukscth02a
2023-08-30,download,049c 8a00 c42c 04,uksct,ukscth03a
2023-08-30,download,0484 ec00 024b 10,uksct,ukscth03b
